{
    "podcast_details": {
        "podcast_title": "Cahille Diyalog",
        "episode_title": "Otostop\u00e7u",
        "episode_image": "https://d3wo5wojvuv7l.cloudfront.net/t_rss_itunes_square_1400/images.spreaker.com/original/f20829a24fb0a6a1eaa8c35c97e23ff1.jpg",
        "episode_transcript": " Ba\u015fla. Cahil introyu veriyorum. Evet. Merhaba insanl\u0131k, ben Cahil Ke\u00e7isel. Ayd\u0131nlanma yolculu\u011fuma ho\u015f geldiniz. Bug\u00fcn st\u00fcdyomuz biraz kalabal\u0131k. \u00d6nce \u00e7\u0131rak olarak Berker. Bug\u00fcn podcast kay\u0131t aletinin ba\u015f\u0131nda. Sonras\u0131nda konu\u011fumuz Ahmet \u0130hsan Ongun bize... ...otostop an\u0131lar\u0131n\u0131 anlatacak. En \u00f6zelli\u011fin \u015feylerden biri. Bir de Cenk. Sevgili arkada\u015f\u0131m Cenk burada. O da eski bir otostop\u00e7u ama bilirsiniz ki... ...\u015fof\u00f6r\u00fcm ve otostop\u00e7unun eskisi olmaz. Emeklisi olmaz. Bunlar her zaman... ...otostop\u00e7u ve... ...\u015fof\u00f6rd\u00fcr de\u011fil mi? Evet. Ho\u015f geldin. Ho\u015f buldum abi. \u0130hsan m\u0131 Ahmet mi? \u0130hsan. Nas\u0131ls\u0131n \u0130hsan? \u0130yiyim. Sa\u011f ol abi. Sen nas\u0131ls\u0131n? \u0130yi. Nas\u0131l gidiyor hayat? G\u00fczel gidiyor. Memnun musun? \u00c7ok. Ekonomi? Biraz. G\u00fczel. Cenk, sen ne oldun? Ben ayn\u0131 yani i\u015fte, bildi\u011fin gibi. Aran\u0131zda ka\u00e7 ya\u015f fark var? Sen ka\u00e7 ya\u015f\u0131ndas\u0131n \u0130hsan? Ben 19 ya\u015f\u0131nday\u0131m. Ka\u00e7l\u0131s\u0131n? Oradan diyor a\u015fk\u0131m. Cenk'te 39 ya\u015f\u0131nda. D\u00f6rtl\u00fcy\u00fcm. Ben de d\u00f6rtl\u00fcy\u00fcm. 20 sene farkla. O\u011flum 20 ya\u015f gen\u00e7 birisi yan\u0131nda oturuyor ya. \u00c7ok acayip de\u011fil mi ya? Evet, b\u00f6yle d\u00fc\u015f\u00fcn\u00fcc\u00fc hakikaten \u00f6yleymi\u015f. \u015ea\u015f\u0131rd\u0131m. Ben anlatsan yan\u0131nda oturuyorum, kar\u015f\u0131s\u0131nda oturuyorum ama beni o kadar etkilemedi 20 ya\u015f gen\u00e7 olmas\u0131. \u0130kisini toplasak biz yap\u0131yo. Ya evet yani bu adam\u0131n yani ne bileyim \u015fu an bir hata yapsa, bir \u015fey yapsa falan affetmemiz laz\u0131m. Mesela ne bileyim a\u011fz\u0131ndan k\u00f6t\u00fc bir \u015fey \u00e7\u0131ksa. 20 ya\u015f\u0131c\u0131 ya yani ben o d\u00fcnyaya geldi\u011finde 20 ya\u015f\u0131ndayd\u0131m mesela. Ben belki 19 ya\u015f\u0131ndayd\u0131m, sen 20 ya\u015f\u0131ndayd\u0131n. Ben 20 ya\u015f\u0131ndayd\u0131m. \u0130lgin\u00e7 hakikaten. Onu k\u0131yaslamak da ho\u015f olacak \u015fimdi otostop konusunu konu\u015furken. Ben \u015feyi merak ettim. 20 ya\u015f\u0131nda otostop \u00e7ektiniz mi? Ben en \u00e7ekti\u011fim zaman zaten. Ba\u015fka ne zaman \u00e7ekecek? 20 ya\u015f\u0131nda \u00e7ekiyordum. Ka\u00e7 ya\u015f\u0131nda b\u0131rakt\u0131n otostop \u00e7ekmeyi? Bilmiyorum ki asl\u0131nda. Ama baya\u011f\u0131d\u0131r herhalde otostop \u00e7ekmiyorum art\u0131k. Belki b\u00f6yle \u0130hsan seni gaza getirse \u00e7\u0131k\u0131p \u00e7eker misin? Ben Ilg\u0131n'\u0131 gaza getirmeye \u00e7al\u0131\u015ft\u0131m ge\u00e7en G\u00fcrcistan'a giderken. \u00c7\u00fcnk\u00fc ba\u015f\u0131n\u0131za bir \u015fey gelecek. Otob\u00fcs, minib\u00fcs saati falan b\u00f6yle bir \u015feyler oldu falan. Bir saat bo\u015f bo\u015f beklememiz gerekiyordu. Ya gel dedim otostop deneyelim falan. \u015eu an var m\u0131 b\u00f6yle karakac\u0131 otostop \u00e7ekenler \u0130hsan? Ben denk geldim Instagram'da. Var. Baz\u0131lar\u0131 \u00e7ekiyor. \u00c7ok tatl\u0131lar. Senin bir arkada\u015f \u00e7evren var m\u0131 otostop\u00e7ulardan? Yani hepsi korkak. Bir iki ki\u015fiyi Cenk abi gibi ayarlayabilirsem yap\u0131yorlar ben de izniyle. Yok normal arkada\u015f \u00e7evren d\u0131\u015f\u0131nda otostop\u00e7ular sadece oturuyor. Hi\u00e7 yok abi. Hi\u00e7 yok. \u00d6yle bir platform falan yok mu otostop\u00e7ular\u0131n tan\u0131\u015ft\u0131\u011f\u0131 bulu\u015ftu\u011fu? Platform var. Platformlar var. Ama sen onlardan biliyorum da sen tamamen ba\u011f\u0131ms\u0131z bir \u015fekilde kendi kendine \u00f6zg\u00fcr bir ruh olarak Spirit Eve'ye gidiyorsun, geziyorsun. Ben onlar\u0131 \u00fc\u00e7 sene \u00f6nce g\u00f6rd\u00fcm. Ha, \u00fc\u00e7 sene sonra g\u00f6rd\u00fcm. \u00dc\u00e7 sene \u00f6nce g\u00f6rsem belki kat\u0131l\u0131rd\u0131m. Onlarla beraber gezerdim. Sen b\u00f6yle bir platformlar oldu\u011funu oto stop'a ba\u015flad\u0131ktan \u00fc\u00e7 sene sonra g\u00f6rd\u00fcm. Sen ilk nas\u0131l ba\u015flad\u0131n oto stop'a? Ben 16 ya\u015f\u0131ndayd\u0131m. \u00c7ok gen\u00e7 de\u011fil mi Cenk ya oto stop i\u00e7in? Tam ya\u015flar\u0131 ya. \u00c7\u00fcnk\u00fc garip bir cahil cesareti gerekiyor ya. Ben niye yapmad\u0131m madem cahil cesareti gerekiyor, adam cahil. Sende cesareti yok. Do\u011fru. Evet nas\u0131l ba\u015flad\u0131 \u0130hsan? 1000 kilometreydi, 1100 kilometreydi ilk otostop. Otob\u00fcs saatleri yoktu, o zamanlar Kahraman Mara\u015f'tayd\u0131m. Ailemin yan\u0131ndayd\u0131m ve Bursa'ya d\u00f6necektim i\u015fte. Kahraman Mara\u015f'ta m\u0131 ya\u015f\u0131yordun? Evet Kahraman Mara\u015f'tay\u0131z. Hay\u0131r orada m\u0131 ya\u015f\u0131yordun? Yok Bursa'da ya\u015f\u0131yorum. Bursa'da ya\u015f\u0131yordun, oraya? Bursa'ya d\u00f6necektim. Ailen kahraman mara\u015fl\u0131 m\u0131yd\u0131? Hepsi kahraman mara\u015fl\u0131yd\u0131. Ben d\u00f6necektim tek. Tamam, sen Bursa'ya geri d\u00f6necektin. Bursa'dan kime d\u00f6necektin sen? Tek. Okumaya m\u0131 geliyordun buraya? Yok, o d\u00f6nemler sporla u\u011fra\u015f\u0131yordum. Spor i\u00e7in gelmem laz\u0131md\u0131. \u015eimdi kahraman... Hay\u0131r, Bursa'da m\u0131 ya\u015f\u0131yordun sen peki? Evet. Tek ba\u015f\u0131na m\u0131 ya\u015f\u0131yordun? Hay\u0131r, ailemle. Anne baba sadece. \u00d6b\u00fcr\u00fc anneannem babaannem desen o\u011flum anne baba... Gerisi hepsi mara\u015fl\u0131. Ailem dersen \u00f6nce \u00e7ekirdek ailesi al\u0131yordu. Haks\u0131z m\u0131y\u0131m? Evet, evet. Ailem dersen kar\u0131mla \u00e7ocu\u011fum. Dedim, Berker ailem derse annesi babas\u0131 der. Cenk ailem derse kar\u0131s\u0131ndan bahsetmez. Anne, ninesinden, delisinden bahsetmez. \u00c7ok g\u00f6rmedim zaten ya. \u0130lgim yok yani. Aile kavram\u0131 pek olu\u015fmad\u0131 bende. \u00c7ok kar\u0131\u015ft\u0131r\u0131yorum yani. Ben mesela elti\u011fi bilmem hala. Ailen i\u015fte. Birinci aile. En yak\u0131n \u015feyin eltidir. Birinci derecede yak\u0131nl\u0131k \u015feyin eltidir. Evet, Berker \u00e7\u0131ra\u011f\u0131m\u0131z olarak aras\u0131nda d\u00fc\u011fmeleri bir b\u0131z\u0131kl\u0131yor zaten. Ondan geldi. \u00c7ocuklar olur ya b\u00f6yle. S\u0131rf d\u00fc\u011fmelere basmak i\u00e7in gelirler. Buna basabilir miyim? Evet, \u015fimdi sen ilk otostopundun. Mara\u015f'a gittin, anneannenlerin yan\u0131na. Ondan sonra oradan Bursa'ya... Otostopla ilk kez d\u00f6necektin. \u015eahsi evine d\u00f6nmek i\u00e7in d\u00f6necektin. D\u00f6nebildin mi? D\u00f6nebildim. D\u00f6nd\u00fcn, hani \u015fu an burada oldu\u011funa g\u00f6re. Evet. 16 ya\u015f\u0131ndayd\u0131n. Nereden akl\u0131na geldi de 16 ya\u015f\u0131nda durdu\u011fun, ben kahraman Mara\u015f'tayken... Dur bakay\u0131m Bursa'ya bir otostopla gideyim demek. O da \u015f\u00f6yle oldu abi. Otostopu zaten ben \u015fehirde yap\u0131yordum da arkada\u015flarla beraber. Hadi gidelim. H\u0131zl\u0131 olur otob\u00fcsten ziyade. \u0130\u015fte Mara\u015f'tayken de d\u00fc\u015f\u00fcnd\u00fcm. Otob\u00fcs saatlerine bakt\u0131m. Hepsi dolu. Benim de o g\u00fcn gidesim geldi. Bir uygulama var. Bilirsin. Bula bula kar diye. Oradan da bakt\u0131m. Orada bir adam bana dedi ki ya dedi senin ya\u015f\u0131nda olsam dedi ben hani oradan Antalya'ya kadar otostopla gittim. Sen de dedi otostopla gittin. Ben de dedi tamam hemen. Hemen \u00e7\u0131kt\u0131m yani yola. Seni bula bula Karl'\u0131 tan\u0131mad\u0131\u011f\u0131n bir adam arac\u0131n\u0131 almad\u0131. Evet. Ve sana tavsiye verdi, otostopla git diye. Evet, \u00e7ok g\u00fczel bir tavsiyeydim. Ben de dedim, hani nas\u0131l yapabilirim? Bir de korkuda vard\u0131 mesela, 1100 kilometre, 16 ya\u015f\u0131ndas\u0131n, gitmen laz\u0131m. Aileme ufak bir yalan. Alt\u0131 bu\u00e7ukta dedim, benim otob\u00fcs\u00fcm kalkacak sabahleyin. Alt\u0131 bu\u00e7ukta \u00f6nce Mara\u015f'ta da olanlar bilir. Fiyaza diye bir AVM vard\u0131r. Onun \u00f6n\u00fcne ge\u00e7tim. Be\u015f otostop Mara\u015f'tan \u00e7\u0131kt\u0131m. Sabah alt\u0131 bu\u00e7ukta. Sabah alt\u0131 bu\u00e7ukta. Be\u015f otostop yani be\u015f araba de\u011fi\u015ftirek Mara\u015f'tan \u00e7\u0131kma be\u015f araba s\u00fcrd\u00fc. Evet. Bursa'ya gelmen ka\u00e7 araba s\u00fcrd\u00fc? Yani onun \u00fczerindedir. \u00c7ok \u00f6zg\u00fcr ruhlu bir maceraya benziyor ya. Evet evet. Genel \u00f6zg\u00fcr ruhlu diyor zaten bana. 10 tane farkl\u0131 insanla tan\u0131\u015ft\u0131n. Evet. 10 tane de\u011fil. Mesela araban\u0131n i\u00e7inde 3-4 ki\u015fi de var. Onlar \u00e7ok garip. T\u00fcrk abilerimiz falan da var. Hatta onlar\u0131 yemek yemek i\u00e7in gitti\u011fimiz yerde bile var. Bu gezgin tuttum getirdim diyor. Peki mesela o yemek yemeye durdu. Herhalde kamyoncular falan durmu\u015flar yemek yemeye. Aileler \u00e7ok durmuyor. Aileler de duruyor ya. Sana yemek \u0131smarlad\u0131lar m\u0131? Evet. Paran var dedim inanmad\u0131lar. Yolda oldu\u011fumu g\u00f6r\u00fcnce beni paras\u0131z zannediler. Paran varsa bile 16 ya\u015f\u0131nda bir \u00e7ocu\u011fu, bir de misafir, t\u0131rc\u0131lar, kamyoncular yan\u0131ndaki adam\u0131 yiyip i\u00e7irilermi\u015f. Evet, evet. \u00d6yleler. Ger\u00e7ekten. Benim arkada\u015f\u0131m da vard\u0131. Askerden gelince b\u00f6yle dedim, beni biraz gezdir. Biraz gez dedi kamyonun ucuna da. Biz dedi yedi\u011fin, i\u00e7ti\u011fin yan\u0131na kar kal\u0131r. \u00c7ok g\u00fczel bir \u015fey de\u011fil mi? Kural de\u011fil mi? Bir de kamyoncular yemek yiyorlar ya. Onlar\u0131n tesisleri falan, onlar\u0131n \u00e7ok tak\u0131ld\u0131\u011f\u0131 yerlere biraz ayr\u0131 oluyor. Orada mesela kesinlikle \u00e7ay paras\u0131 vermiyorlar. O i\u015fte i\u00e7ti\u011fimi bilmiyorum. Bilmiyorum o kadar. Ne kadar \u00e7ay i\u00e7erse i\u00e7sin, kamyonun \u00e7ay paras\u0131 vermiyor. O tesis ona al\u0131\u015fkan oluyor. Ama de\u011fi\u015fmi\u015ftir o ya. \u00c7ay 5 lira, 10 tanesi 50 lira yapar\u0131z. Evet. De\u011fi\u015fmi\u015f olabilir. Sonra geldin Bursa'ya. Bursa'ya geldim. Evdekileri de s\u00f6ylemedin b\u00f6yle b\u00f6yle. Yok. Bir y\u0131l sonra s\u00f6yledim babama. Ne dedi babam? Aferin dedi. Aferin. \u0130yi halt yedin aferin. Yoksa aferin o\u011flum. Sen de gurur duyuyorum. \u0130yi halt yedin. \u0130\u015fte benim o\u011flum. \u0130yi halt yedin dedi. Peki senin Cenk ilk otostopun? \u0130lkini bilmiyorum da d\u00f6nemdi. \u00d6nce \u015fehir i\u00e7inde \u00e7ok \u00e7ekiyorduk biz. Onu saym\u0131yoruz. O zaman \u015fehirler aras\u0131... Bir d\u00f6nem b\u00f6yle \u015feydi bizim m\u00fczisyen tayfa var ya i\u015fte U\u011furlar falan sen de g\u00f6rm\u00fc\u015fs\u00fcnd\u00fcr. Onlar cuma ak\u015fam\u0131 Bursa'da, cumartesi ak\u015fam\u0131 Eski\u015fehir'de, pazar ak\u015fam\u0131 Ankara'da \u00e7al\u0131yorlard\u0131. Biz cuma ak\u015fam bunlar\u0131n... Ka\u00e7 ya\u015f\u0131ndayd\u0131n\u0131z? Herhalde 18, 20 falan. Cuma ak\u015fam bunlar Brussel'da \u00e7alarken biz bunlarla bulu\u015fuyorduk. Sonra biz Eski\u015fehir'e otostopla gidiyorduk. \u00d6nden bir grup. B\u00f6yle baya\u011f\u0131 grup fan\u0131 gibi. Ama hi\u00e7 de ne konserlerine gidiyoruz ne bir \u015fey yani orada. Onlar\u0131n oradaki imkanlar\u0131ndan faydalan\u0131yoruz. Onlar\u0131n otele hangisiyse biz otele onlardan \u00f6nce gidip \u00e7\u00f6k\u00fcyoruz. Ya da i\u015fte evse eve. Ondan sonra biz orada tak\u0131l\u0131yoruz genelde. Onlar Ankara'ya gidiyor, geri geliyor. Biz yine Eski\u015fehir'de oluyoruz. Sonra taa bir sonraki Bursa'ya kadar orada Eski\u015fehir'de tak\u0131l\u0131yoruz falan. Baz\u0131s\u0131nda Ankara'da bir hafta tak\u0131l\u0131yoruz falan gibi bir hayat\u0131m\u0131z vard\u0131. O s\u00fcre\u00e7te de s\u00fcrekli o aralar\u0131n hepsini otostopla ge\u00e7tik. Baya da foto\u011fraflar\u0131m varm\u0131\u015f \u015fimdi onlar\u0131n varl\u0131\u011f\u0131nda. Sen tek ba\u015f\u0131na otostop yapmad\u0131n o zaman. Tek hi\u00e7 yapmad\u0131m herhalde ya. Hep birileriyle yapt\u0131m. Yurtd\u0131\u015f\u0131nda falan da tek yapt\u0131m hi\u00e7 hat\u0131rlam\u0131yorum. Yurtd\u0131\u015f\u0131nda da yapt\u0131n sen. Yapt\u0131m. En haval\u0131mda B\u00fcl\u00fcksel'den Amsterdam'a yapt\u0131m. Hatta o foto\u011fraf\u0131 arad\u0131m da bulamad\u0131m. B\u00f6yle foto\u011fraf\u0131m var elimde Amsterdam yazan bir etiketle. Hayallerimizi ya\u015famakla me\u015fguld\u00fcn. \u00c7ok da de\u011fi\u015fik bir adam. durmu\u015ftu otostopta. \u0130ngiltere'den geliyormu\u015f. Amsterdam'da gece kul\u00fcb\u00fc varm\u0131\u015f. Bizi gece kul\u00fcbe davet etti. \u0130ngiliz miydi? \u0130ngilizdi. Amsterdam'daki sadece bir yat\u0131r\u0131mm\u0131\u015f. Her cuma ak\u015fam\u0131 oradan i\u015fte bir s\u00fcr\u00fc de kilometre baya da yol yani 10 saate yak\u0131n yol diyordu arabayla ge\u00e7mesi. Her cuma da geliyormu\u015f. Her cuma geliyorum diyor, e\u011fleniyorum. B\u00fct\u00fcn hafta sonu Amsterdam'da diyor. Pazar ak\u015fam\u0131 \u00e7\u0131k\u0131yorum. Tekrar pazartesi \u0130ngiltere'de i\u015fimin ba\u015f\u0131nda oluyorum dedi. Her hafta sonu Amsterdam'a e\u011flenmeye gelen... \u00c7ok affedersin de \u0130ngiltere'den Amsterdam'a nas\u0131l gidiyor arabayla? Bilmiyorum. K\u00f6pr\u00fc var m\u0131 \u0130ngiltere'den kar\u015f\u0131ya? K\u00f6pr\u00fc yoksa da feribot vard\u0131r. Arabal\u0131 feribot. Bir ba\u011flant\u0131 vard\u0131r yani kesin. Kendi arabas\u0131yla. Ama z\u0131z\u0131 zaten ba\u011fl\u0131 de\u011fil mi ya oras\u0131? Cahille diyalo\u011fa ho\u015f geldiniz. Bir daha yap. Evet \u0130ngiltere. Arkada\u015f a\u00e7\u0131nca haritay\u0131 tamam m\u0131? Bir kere hi\u00e7bir \u015fey bilmiyorsan Age of Empires'te bilmem neler oyunu oynad\u0131ysan her konuda cahil olsam da \u0130ngiltere'nin bir ada oldu\u011funu Yani babam da b\u00f6yle diyece\u011fim de babam daha \u00e7ok bu i\u015fleri bilir. Bu i\u015fleri bilir dedim yani. Otostop'u. Yok, haritay\u0131. Co\u011frafyay\u0131 bilir. Sen yurt d\u0131\u015f\u0131nda \u00e7\u0131kt\u0131n m\u0131 hi\u00e7? Yok. T\u00fcrkiye'de hep otostop yapt\u0131n. \u00c7ok halim var. Yurt d\u0131\u015f\u0131na \u00e7\u0131kmak da o daha nasip olmad\u0131. Ya\u015f\u0131n \u00e7ok gen\u00e7 ya \u00e7\u0131kars\u0131n. G\u00fcrcistan'a git. Herkes ayn\u0131 tarz\u0131ya veriyor mu? Evet evet ba\u015flarken \u00f6yle. Bana da \u00f6yle diyorlar yurt d\u0131\u015f\u0131na \u00e7\u0131kmak istiyorum deyince G\u00fcrcistan'a gidiyorlar i\u015fte. B\u00f6yle pasaport dahi olmadan seni bir yere alan bir yerde bana yurt d\u0131\u015f\u0131ym\u0131\u015f gibi gelmiyor i\u015fte. Bana g\u00f6re geliyor ya hani ne bileyim pasaport \u015fart m\u0131 sence? \u015eart. Yani kimlikle girebildi\u011fin bir yer. Yurtd\u0131\u015f\u0131 de\u011fildir. Bravo. Berker soy ismi neydi? Kalyoncu. Yurtd\u0131\u015f\u0131 pasaportsuz girdi\u011fin yer yurtd\u0131\u015f\u0131 de\u011fildir. Berker Kalyoncu. S\u00f6z. Bravo. En uzak gitti\u011fin yer Mara\u015f m\u0131yd\u0131? Evet. En son nereye gittin? En son \u0130zmir'den geldik. Hangi ay? 3-4 ay \u00f6nce olmas\u0131 laz\u0131m. O nas\u0131ld\u0131 mesela son geli\u015fin? Son geli\u015fimde hani herhangi bir gezmek i\u00e7in gitmemi\u015ftim. O zamanlar bir \u015firkette distrib\u00fct\u00f6rl\u00fck yap\u0131yordum. G\u00fczel g\u00fczel. Bu ya\u015flarda denilebilir bunlar ya. \u0130ki tane \u015firkette \u00e7al\u0131\u015ft\u0131m ayn\u0131 zamanda yani. Bir sekt\u00f6rde iki tane farkl\u0131. Bir de \u015firket de\u011fi\u015ftirdim yani. \u0130\u015f g\u00f6r\u00fc\u015fmesine falan gittim. \u0130ki \u00fc\u00e7 kere antren\u00f6rl\u00fckte falan. \u00c7ok g\u00fczel anlar\u0131m oldu yani. Erken ya\u015fa kadar. \u00c7ok mutluyum mesela o \u015feylerde. Bu ya\u015ftan sonra da biraz da sakin ya\u015fars\u0131n art\u0131k. Evet. \u015eimdi ikinize de soray\u0131m ama \u015feyle ba\u015flayay\u0131m bir g\u00fcvenlik problemi ya\u015fad\u0131n m\u0131 hi\u00e7 otostop \u00e7ekerken nas\u0131l yani ne bileyim i\u015fte ba\u015f\u0131na bir olay gelmesi Ya ben ekstra biraz rahat bir insan\u0131m. Dayak. Yolun ortas\u0131nda atma. Paran\u0131 alma. Yok. C\u00fczdan\u0131m\u0131 telefonumu araban\u0131n i\u00e7inde b\u0131rak\u0131p markete giden bir insan\u0131m. Adam araban\u0131n i\u00e7inde... \u00d6yle g\u00fcvenirim yani ben insanlara. Bravo. \u00d6yle bir \u015feyim olmad\u0131 yani. Cahil cesareti diyebiliriz. Evet bende yok mesela bu. B\u0131rakmam telefonumu telefonumu. Tam tersi \u00e7ok fazla para veren oldu. T\u00fcrkiye'de mi? T\u00fcrkiye'de T\u00fcrkiye'de. Yurtd\u0131\u015f\u0131nda ben bir tek \u015feyde Arnavutluk'ta \u00e7ok b\u00fcy\u00fck s\u0131k\u0131nt\u0131 ya\u015fam\u0131\u015ft\u0131m. Ne ya\u015fad\u0131n? Orada \u00e7\u00fcnk\u00fc \u015fey yapm\u0131yorlar. Para istiyorlar. Yani otostopun otostop oldu\u011funu bilmiyorlar. Nas\u0131l yani parma\u011f\u0131n\u0131 kald\u0131rd\u0131m diye bedava arabaya m\u0131 bineceksin falan gibi garip bir \u015fey var anlatamad\u0131k. Baya da u\u011fra\u015ft\u0131k. Bir iki ki\u015fiye para \u00f6demekte zorunda kald\u0131k. Hadi ya. Biraz serplerdi \u00e7\u00fcnk\u00fc. Paras\u0131n\u0131 \u00f6deyelim de kurtulal\u0131m. Yoksa daha k\u00f6t\u00fc \u015feyler ya\u015fayaca\u011f\u0131z diye. \u00d6yle s\u0131yr\u0131ld\u0131k. Avrupa'n\u0131n g\u00f6be\u011finde? Arnavut'a m\u0131 onlar? Yani. Ayn\u0131 h\u0131rz\u0131nlar\u0131 da. \u00c7ok Avrupal\u0131 say\u0131lmazlar. Bursa'da da Arnavut mahallesi var. Zafer Mahallesi'ne git. Otostop \u00e7ek. Para almazlar senden. Tabii. Buradan Zafer Mahallesi me\u015fhur mahalledir. Buradan gir, i\u015fte kar\u015f\u0131larlar seni ho\u015f geldin derler. \u00c7ay\u0131n\u0131 i\u00e7erler, daya\u011f\u0131n\u0131 atarlar, g\u00f6nderirler seni oradan. Bu arada o foto\u011fraf\u0131 doldum bak ne kadar \u00e7irkinmi\u015fim. Ya Allah'\u0131n yaratt\u0131\u011f\u0131 kula\u015f\u0131m, \u00e7irkin denememiz Allah'\u0131n g\u00fcc\u00fcne gider. Bir \u015fey d\u00fc\u015f\u00fcnm\u00fc\u015f, yaratm\u0131\u015f seni o \u015fekilde. Ama Allah'\u0131n yaratt\u0131\u011f\u0131 insana biraz m\u00fcdahale etmi\u015fsin ya. Bu kart \u015feyi \u00e7ok g\u00fczel ya. Yaz\u0131yorlar Bursa \u0130stanbul'da. Sen yaz\u0131yor musun? Yok ben yazm\u0131yorum. Niye yazm\u0131yorsun? \u00dc\u015feniyorum ya. Onu tutaca\u011f\u0131m kald\u0131raca\u011f\u0131m. Sen \u00e7ok \u00f6zg\u00fcr ruhlusun lan. Evet. Vallahi helal olsunlar. Ke\u015fke ben de \u00f6yle bir \u00e7ocuk olsayd\u0131m. Ben vizyonsuzum ya. Cenk, sen 18-19 ya\u015flar\u0131nda... Bu Avrupa'ya ka\u00e7 ya\u015f\u0131ndayd\u0131 sen? Bu da i\u015fte 20 faland\u0131r. Ay arkada\u015f ya. Benim hi\u00e7 kafam \u00e7al\u0131\u015fmad\u0131 ya. Bir senem kald\u0131. Ben 20 ya\u015f\u0131nda benzinlik marketinde \u00e7al\u0131\u015f\u0131yordum. Sen anas\u0131n\u0131n en az\u0131ndan Antalya'da, Mallon, Antalya'da \u00e7al\u0131\u015f. Ne olacak yani? Benim ilk \u00e7\u0131k\u0131\u015f\u0131m da tamamen otostopla gezmek \u00fczerine kurudu. Yani en ba\u015fta \u00f6yle de\u011fildi hayal de. Interrail'de gidecektik. Son anda vize alamad\u0131\u011f\u0131m\u0131z\u0131 \u00f6\u011frenip tren biletini iptal ettik. Sonra bir internet kafaya gittik. T\u00fcrkiye'den vize istemeyen \u00fclkeler yazd\u0131k. Makedonya'y\u0131 g\u00f6rd\u00fck. Oraya u\u00e7ak bileti ald\u0131k. Sonra Makedonya'n\u0131n etraf\u0131nda otostopla, Arnavutluk, Kosova, Karada\u011f b\u00f6yle d\u00f6rt \u00fclke gezdik. Hepsini otostopla yapt\u0131k. Bak bunun g\u00fcvenlik anas\u0131 olmu\u015f. Para istemi\u015fler, arzular d\u00f6veceklermi\u015f falan. Anlatt\u0131 ya \u015fimdi. Telefonda oynuyordun orada. Dedi ya An\u0131l'\u0131n otostop \u00e7ekti\u011finde para istediler. Hay\u0131r ama o g\u00fcvenlik de\u011fil. Bir \u00e7al\u0131nt\u0131 mal\u0131nt\u0131 da olmam\u0131\u015f. En az\u0131ndan para istemi\u015f. Bunu istemi\u015f yani. Tamam. Yoldaki gasp\u00e7\u0131 da senden para istiyor. Ya gaps... Gaps m\u0131? Wink wink wink wink yap. Wink wink wink yap. Konya'da vard\u0131 bir tane benden para isteyen. K\u0131r\u015fehir'den ben \u00e7\u0131km\u0131\u015ft\u0131m. Konya'da i\u015fte bir 100 kilometre miydi 50 kilometre miydi var. Hi\u00e7 araba yok ama. Geldi kap\u0131y\u0131 a\u00e7t\u0131m tam binece\u011fim dedi 100 liram var m\u0131? Abi dedim 100 liram yok. Bir de oraya kadar bedava gelmi\u015f. Benim inad\u0131m bedava gitmek istiyorum. Gurur bir de b\u00f6yle gurur yapaca\u011f\u0131m diyece\u011fim bedava gitmek istiyorum. Bilmeden \u00f6nce istedi senden. Evet evet tam binecektim i\u015fte. Dedi 100 liram var m\u0131? Yok abi dedim. 50 liram var m\u0131? Arkama bakt\u0131m hi\u00e7 araba gelmiyor. Yani mecbur orada kal\u0131r\u0131m 50 liray\u0131 vermezsem. Var abi dedim. Sonra B\u0131la B\u0131la Kara biri s\u00f6ylemi\u015f ona. O da diyor ki i\u015fte b\u00f6yle bir uygulama varm\u0131\u015f giderken. Otogalerici bir de. Ekstra para da yapmak istiyor. Ben gittim adama bla bla kar\u0131 y\u00fckledim. Ondan sonra gidece\u011fi g\u00fczel raklar\u0131 yazd\u0131m. Bir tane de m\u00fc\u015fteri buldum. Ondan sonra adam\u0131n arabas\u0131ndan ayr\u0131ld\u0131m. \u015eunu da akl\u0131ma geldi. Ke\u015fke deseydim. Abi benim param\u0131 geri verir misin? Ben sana dedim m\u00fc\u015fteri buldum filan. Demek sonradan geldi akl\u0131ma. Adam helal olsun ya. Bir de galerici ha? Evet evet, araba g\u00f6t\u00fcr\u00fcyordu i\u015fte onu da. Sen de Konya'dan, senden K\u0131r\u015fehir'den mi Konya'da m\u0131? K\u0131r\u015fehir'den \u00e7\u0131kt\u0131m, Konya yolunda. Konya'ya do\u011fru gidiyorum. Konya'ya do\u011fru giderken biri seni param var m\u0131 diye sordu. 100 lira yok dedin, 50 lira var deyince arabay\u0131 ald\u0131. Sonra dedi ki ben bu i\u015ften nas\u0131l para kazan\u0131r\u0131m? Ben otogalericiyim dedi. Evet. Otogalericiyim dedi. Sen ka\u00e7 ya\u015f\u0131ndayd\u0131n o zaman? O zaman 17. 17 ya\u015f\u0131nda \u00e7ocuklar 50 lira paras\u0131 alm\u0131\u015f. E\u011fer bizi buradan dinliyorsan, e\u011fer bize de \u00f6fke duyduysan yerimiz yurdumuz belli. \u00c7ok meydan okuyorum burada insanlara. Yine bir iyi bir insand\u0131. Niye iyi olsun can\u0131m? Olsun yani. \u00c7ok paray\u0131 seviyor demek. Yine bir sevgisi var yani. \u0130yi ise cennete gitsin ne yapal\u0131m. Bravo. Peki hi\u00e7 b\u00f6yle otostopta bindi\u011finiz arabada a\u015f\u0131k oldunuz mu? Yok ben a\u015f\u0131k olmad\u0131m. \u015e\u00f6yle s\u00f6yleyeyim. Bindi\u011finiz bir arabaya tamam m\u0131? Bir aile arabas\u0131 i\u015fte. Station wagon falan. Adam ald\u0131 sizi. Siz ya\u015flarda bir k\u0131z var. \u0130\u015fte benim k\u0131z da \u015furada okuyor falan dedi. Bir bak\u0131\u015ft\u0131n\u0131z, g\u00fcl\u00fc\u015ft\u00fcn\u00fcz. Tek konu\u015fmad\u0131n\u0131z ama... ...i\u015fte b\u00f6yle dikiz aynas\u0131ndan falan bir yerden g\u00f6r\u00fcyorsun. \u00c7ok tatl\u0131 b\u00f6yle... K\u0131yaman bir k\u0131z. B\u00f6yle akl\u0131n\u0131zda kal\u0131p, b\u00f6yle platonik... Bu da bizim y\u0131llar\u0131n \u015feyi herhalde ya, 90'l\u0131 y\u0131llar\u0131n de\u011fil mi? Bu ya\u015ftan yiyorsun. \u00c7akt\u0131rmadan, Instagram'dan b\u00f6yle... Foursquare'den falan bulmaya \u00e7al\u0131\u015f\u0131yorsun. Adam Sandler filmi de\u011fil mi abi? Hangisi? \u0130\u015fte bir tane... Yolculu\u011fa \u00e7\u0131k\u0131yorlar da... Karavanl\u0131 bir yolculu\u011fa \u00e7\u0131k\u0131yorlar. Bilmiyorum ya. A\u015f\u0131k oluyor falan. \u00d6yle biliyorum. \u00c7al\u0131nt\u0131 bir senaryo de\u011fil yani. Kendi akl\u0131ma geldi az \u00f6nce. Cenk senin baba var m\u0131? Yok ya ben de d\u00fc\u015f\u00fcnd\u00fcm sen s\u00f6ylerken ama. Peki a\u015f\u0131k olmaya en yakla\u015ft\u0131\u011f\u0131n\u0131z an oldun b\u00f6yle. Hani bir k\u0131z\u0131 olmazd\u0131 mesela. \u015eof\u00f6r\u00fcn kendisi \u00e7ok iyi bir insand\u0131r. Benim L\u00fc\u00fcfer b\u00f6lgesinde bir tane var a\u015f\u0131k oldum. Onun d\u0131\u015f\u0131nda konu\u015fmak istemiyorum. Senin sevgilin var. Evet te\u015fekk\u00fcr ederim abi sa\u011f ol. Selam\u0131 g\u00f6ndermek ister misin? Yok istemem yani \u015fu anda. K\u00f6z\u00fcmle m\u00fczik vereyim abi istiyorsa. Ama isim vermeden g\u00f6nderebilirim. Mecbur de\u011filim. Herhalde de\u011fil mi? Niye mecbursun? O zaman a\u015fk\u0131m \u00e7ok selam g\u00f6nderiyorum sana bundan. A\u015fk\u0131m sana selam g\u00f6nderiyorum demek. \u00c7ark\u0131 fele\u011fe mi kat\u0131ld\u0131n? Seni seviyorum falan da var ya. Bir daha g\u00f6nderebilir miyim? Seni seviyorum da. Seni seviyorum. Ama yanl\u0131\u015f yerde giriyor m\u00fczik ya. Bir daha yapal\u0131m. Ya o\u011flum adam \u00e7\u0131rak \u00f6mr\u00fcne ilk laf\u0131 odurmu\u015f olaca\u011f\u0131 o kadar. Bu arada abicim bak bu \u00e7ocuk seni hakikaten seviyor. Ben \u00e7\u00fcnk\u00fc sesinden anlad\u0131m seni seviyorum derken. Sesinde b\u00f6yle bir o, bir utanga\u00e7l\u0131k, bir ses titremesi ger\u00e7ekten sevginin verdi\u011fi bir hissiyat\u0131n tezah\u00fcr\u00fc vard\u0131 ger\u00e7ekten de. Senin mi manitem var m\u0131 Berker? Yok. Seni seviyorum da bakay\u0131m birine. Sana diyeyim mi abi? Yok. Cenk abi neden? Cenk abi seni \u00e7ok seviyorum. Bunu da ses getiriyor. Ama ben i\u00e7ten sevgili bir \u00e7ocu\u011fum zaten yani. Sevgiye inan\u0131yor musunuz? \u00c7ok inan\u0131yorum. Zaten benim uzun bir ili\u015fkim oldu. Ya\u015f\u0131m k\u00fc\u00e7\u00fck ama. Ne kadar uzun? Alt\u0131 y\u0131ll\u0131k. Ka\u00e7 ya\u015f\u0131ndas\u0131n? 22. Ben sana soruyor muyum? Bir sevgilim var m\u0131 diye. 22 ili\u015fki. Alt\u0131 y\u0131ll\u0131k ili\u015fkisi olunca ka\u00e7 ya\u015f\u0131nda \u015fey yapm\u0131\u015f olacaks\u0131n? Ge\u00e7en sene ayr\u0131lm\u0131\u015f olsa 15 ya\u015f\u0131ndan beri. Liseden beri. Onuncu s\u0131n\u0131ftan beri. Vard\u0131 bir \u015feyler. Benim ka\u00e7 senelik ili\u015fkim var biliyorsunuz bu? Podcastleri dinlemediniz siz. 15 15 y\u0131ll\u0131k ili\u015fkim var 7 y\u0131ll\u0131k kar\u0131mla 8 y\u0131ll\u0131k da sevgilimle toplam 15 y\u0131l \u00e7ok g\u00fczel ya onlar\u0131 toplayabilir miyim? tabii toplayabilirsin farkl\u0131 farkl\u0131 kad\u0131n olsa bile toplayabilirsin istersen ayn\u0131 kad\u0131n o zaman kesin toplars\u0131n zaten ayn\u0131 ki\u015fi ise tabi abi Evet. Neler konu\u015fuyoruz biz b\u00f6yle? Ba\u015f\u0131m\u0131za bela a\u00e7mak i\u00e7in. Konu konudan \u00e7ok uzakla\u015ft\u0131k. Otostop diyorduk. Ben bir \u015fey soray\u0131m m\u0131? L\u00fctfen ya, siz de birbiriniz. Benim hi\u00e7 anlamad\u0131\u011f\u0131m konular ya. B\u00f6yle eski T\u00fcrkiye'de \u00e7ok g\u00fczel \u015feyler vard\u0131, insanlar vard\u0131. Hala var m\u0131? Biz mesela Bursa'da otostop \u00e7ekiyorduk. Ankara'ya gidece\u011fiz. Adama Eski\u015fehir'e kadar gidecekse bizi Eski\u015fehir'de otogara b\u0131rak\u0131yordu, otob\u00fcs biletlerimizi al\u0131yordu. Hadi iyi yolculuklar deyip Ankara'ya kadar g\u00f6nderiyordu. \u00d6yle insanlar kalmad\u0131 m\u0131? Denk gelmedim hi\u00e7 \u00f6yle. Maddi \u015feydendir \u015fimdi. Bunu ben de yapmak isterim ama alamam yani. Tamam 50-100 lira veririm de. Otob\u00fcs bileti ya buradan Trakya'ya ka\u00e7 para ya? 700 lira m\u0131 ne? \u015eu an i\u015fte zaten. Babaeski Han\u0131m memlekete. Adam o zaman yap\u0131yormu\u015f. 1000 lira yani. Evet evet al\u0131m g\u00fcc\u00fc y\u00fcksekti insanlar\u0131n. \u0130nsanlar da ge\u00e7memi\u015fler de o paralar\u0131 yetmiyordur. \u015eey diyen vard\u0131 ama gel beraber yemek yiyelim bug\u00fcn bende kal dinlen ondan sonra yola \u00e7\u0131kar\u0131rs\u0131n geri ben seni b\u0131rak\u0131r\u0131m buraya falan diyenler \u00e7ok oldu. Ama hani biletini alay\u0131m git. Kald\u0131n m\u0131 hi\u00e7 bir tanesinin evinde? Yok. Ya kalmad\u0131m. Tehlikeli de\u011fil mi? 16 ya\u015f\u0131nda o kadar da \u00f6zg\u00fcrl\u00fc\u011f\u00fcmde olmayay\u0131m dedim. Evet, evet. O sonra olur dedim. Do\u011fru d\u00fc\u015f\u00fcnm\u00fc\u015fs\u00fcn ki bug\u00fcn aran\u0131zdas\u0131n. Evet. Ger\u00e7ekten hani \u015fimdi bural\u0131 insanlara yanl\u0131\u015f \u00f6rnek olmayal\u0131m da ben mesela benim ya\u015f\u0131mdaki 38 ya\u015f\u0131nda biri i\u00e7in bundan cesaret al\u0131p yola \u00e7\u0131kt\u0131\u011f\u0131mda hakikaten k\u00f6t\u00fc \u015fey ya\u015fama ihtimali \u00e7ok d\u00fc\u015f\u00fck m\u00fc ya? Bence d\u00fc\u015f\u00fck. Bence de. Peki 38 ya\u015f ge\u00e7 bir ya\u015f m\u0131 bunu denemek i\u00e7in? Hay\u0131r can\u0131m. Neden, neden var? Bu de\u011fi\u015fik yollarda var ya biliyor musunuz onu? Youtube kanal\u0131. Bilmiyorum. O da b\u00f6yle baya ge\u00e7 \u00e7\u0131k\u0131yor asl\u0131nda otostop'a. Hani 38 de\u011fil tabi ama 30 vard\u0131r yine. Ya 38... Sonra da d\u00fcnyay\u0131 geziyordum. Ya\u015f\u0131nda hi\u00e7bir \u015fey yapan yok yani g\u00f6rd\u00fcm. Emekli olanlar falan var. Yok ya, karavanl\u0131lar falan var. Ya podcast \u015fey oldu ya hafta sonu oraya geldim i\u015fte Berker'le Ahmet \u0130hsan'la da orada tan\u0131\u015ft\u0131k. Orada \u00d6zcen Abi bir tane kad\u0131n vard\u0131 ya\u015fl\u0131. \u00d6zcen Abi vard\u0131 ya\u015fl\u0131. Ondan sonra en ya\u015fl\u0131 bendim. Benden daha ya\u015fl\u0131 yoktu. En b\u00fcy\u00fck bendim \u00d6zcen Abi ile Zuhal Hoca galiba. Felsin Mert miymi\u015f? Ya\u015f\u0131n ka\u00e7t\u0131? 30? 38. Benim de 38 ama bizim arabam\u0131zda bir ya\u015f var nas\u0131l oluyor? Sen \u00e7\u00fcnk\u00fc bir \u015fey erken s\u00f6yl\u00fcyorsun. Ya\u015f k\u00fc\u00e7\u00fclt\u00fcyorsun kendini. \u00d6yle bir matematik yapanlar var da. Kas\u0131m ya ondan. Fark eder. \u00c7\u0131kartacaks\u0131n y\u0131ldan y\u0131l\u0131. 2000... 2000 ka\u00e7tay\u0131z lan biz? 2023. 2023'den 1984'\u00fc \u00e7\u0131kartacaks\u0131n. Ben de 1985'\u00fc \u00e7\u0131kartaca\u011f\u0131m. Bunlar\u0131 toplay\u0131p ikiye b\u00f6lece\u011fiz. Ortalama ya\u015f\u0131m\u0131z bu. Bence de\u011fil. Ortalama ya\u015f\u0131m\u0131z\u0131 al\u0131rsak ama a\u015fa\u011f\u0131 do\u011fru yuvarlama tekni\u011fiyle ayn\u0131 ya\u015fta oluruz. Orada ise bak sen akl\u0131 \u00e7\u0131kt\u0131n. Kendin mi \u00e7\u00fcr\u00fctt\u00fcn? G\u00f6r\u00fcyor musun? Ya ben b\u00f6yle hayal ettim ama. Dostostopu diyorum ya. Ben gen\u00e7ken falan vizyonsuzdum biraz. Bu y\u00fczden ben belli bir s\u00fcredir Z ku\u015fa\u011f\u0131n\u0131 takdir ediyorum. \u00c7\u00fcnk\u00fc Z ku\u015fa\u011f\u0131n akl\u0131nda koydu\u011fu \u015feyi bir anda akl\u0131na geliyor ya Cenk. Hemen yap\u0131yorlar. Podcast yapaca\u011f\u0131m diyor. Yap\u0131veriyor yani. Bir \u015fey YouTube deneyece\u011fim diyor. Yap\u0131yor. Olur, olmaz. Ama abi f\u0131rsat \u00e7ok \u00f6nemli ya bence. Evet. Hani bir f\u0131rsat\u0131n \u00e7\u0131kmas\u0131. Mesela at\u00f6lye benim kar\u015f\u0131ma \u00f6zcede y\u00fcr\u00fcrken \u00e7\u0131kt\u0131. Panoda. Panodan g\u00f6rd\u00fcn m\u00fc? Aynen panodan g\u00f6rd\u00fcm. Dedim hemen ba\u015fvurmal\u0131y\u0131m falan diye. Podcast gibi dijital d\u00fcnyan\u0131n uzay \u00e7a\u011f\u0131n\u0131n \u015feyi de... ...risk, p\u00fcsk\u00fc, en ilkel reklam y\u00f6netimi olan panoda g\u00f6r\u00fcnmesi de... Garip abi, aynen. Ama var ya \u00e7al\u0131\u015f\u0131yor, ne yapacaks\u0131n? Evet, bak adam g\u00f6rm\u00fc\u015f oradan. Abi senin \u00e7ocuk ka\u00e7 ya\u015f\u0131ndayd\u0131? Be\u015f ayl\u0131k. Abi senin var m\u0131? Yok abi. Bilgi \u00e7ok kolay oldu ya. Bilgiye ula\u015fmak, eri\u015fmek. O y\u00fczden de kafalar\u0131n\u0131 koyduktan \u00e7ok rahat yapabiliyorlar. Ya muhakkak etkisi vard\u0131r. Bu... Peki, bir soral\u0131m. Senin var m\u0131 hi\u00e7... ...otostop\u00e7u, an\u0131n otostop\u00e7u tam \u00e7ekmedin ama belki alm\u0131\u015fs\u0131nd\u0131r? En bay\u0131ld\u0131\u011f\u0131m \u015fey... ...b\u00f6yle var ya, otostop i\u00e7in durup geri girecek kilometre gidelim. Hadi be. Peki, hi\u00e7 b\u00f6yle tipine bak\u0131yor musun? Hi\u00e7bir \u015feyine bakm\u0131yorum. Ne olursa olsun al\u0131yor musun? Hi\u00e7bir \u015feyine bakm\u0131yorum. Ben \u00e7ekiniyorum biraz da. \u00dcst\u00fc \u00fcst\u00fc pisti alm\u0131yorum. Yok yok, ne olursa olsun al\u0131yorum. Ama mesela belirledi\u011fim... ...\u015feyler var. Bir tane deli var... ...\u015feyde, bizim evin oralarda, ge\u00e7ti\u011fim k\u00f6yde. Yeni ta\u015f\u0131nm\u0131\u015ft\u0131m. Arkadaki k\u00f6y yollar\u0131ndan geliyorum Bursa'ya. Buradan yolun arkas\u0131ndan \u00e7\u0131k\u0131yorum. Bursal\u0131 olmayanlar bilmez. Orada bir k\u00f6yde bir tarlan\u0131n ba\u015f\u0131nda bir tane amca oturmu\u015f. Yan\u0131nda b\u00f6yle bir k\u00f6yl\u00fc sepeti var, bir tane de kov var, bir tane de \u00e7uval var. Dedim herhalde tarlas\u0131na \u00e7al\u0131\u015f, bir yere gidecek ya da pazara g\u00f6t\u00fcrecek, bunlar\u0131 satacak falan. Herhalde \u00fcst\u00fc ba\u015f\u0131na tarlada kirlenmi\u015f diye d\u00fc\u015f\u00fcnd\u00fcm. Ondan sonra ben adam\u0131 durdum. Adam\u0131 durdum, ald\u0131m bagaj\u0131 a\u00e7t\u0131, e\u015fyalar\u0131n\u0131 falan koydu. Yan\u0131ma oturdu, dedi ki ben savc\u0131y\u0131m. Ben ona tabi o adam\u0131n deli oldu\u011funu anlad\u0131m. Bir savc\u0131 olmas\u0131ndan. Sonras\u0131nda bu adamla gittik i\u015fte. O mudanya k\u00f6pl\u00fcs\u00fcn\u00fc orada b\u0131rakt\u0131m onu. Bagaj indirirken yard\u0131m ettim. Bagaj\u0131n i\u00e7inde bir \u00e7uval dolusu... ...telefon vard\u0131. Ev telefonlar\u0131 var ya, eski ev telefonlar\u0131. D\u00f6nd\u00fcrmeli. Onlardan. D\u00f6nd\u00fcrmesiz. D\u00f6nd\u00fcrmeli olsa para yapar anas\u0131n\u0131 satay\u0131m hani. Eski bisiklet diye de. Ya en b\u00f6yle mant\u0131ks\u0131z \u015fey... ...\u00e7\u0131kt\u0131. Bo\u015f... ...kaset kaplar\u0131 falan vard\u0131. Kasetin i\u00e7i yok da kab\u0131 falan var. Deli oldu\u011funu biraz daha tescilledim ben bu adam\u0131n. Dedim bu adam deliymi\u015f. Ondan sonra bizim \u015fey var ya Fikriye, o hask\u00f6yl\u00fc ya. Bilir b\u00f6yle. Aa alt\u0131n ta\u015f delisidir o deli. Tamam dedim. Ondan sonra aradan zaman ge\u00e7ti. K\u0131\u015f, hava ya\u011fmurlu ve \u00e7ok so\u011fuk bir hava. Bizim evin a\u00e7\u0131s\u0131nda bir market var ve dimdik bir bay\u0131r var. O dimdik bay\u0131rdan zorlu \u00e7\u0131kan bir adam g\u00f6rd\u00fcm. Duray\u0131m dedim \u015funu da g\u00f6t\u00fcreyim. O ayn\u0131 savc\u0131ym\u0131\u015f yine. Arabadan indim bay\u0131rda. Bak hava so\u011fuk, k\u0131\u015f, buz gibi arabadan iner inmez adam\u0131n kokusunu ald\u0131m. \u00d6yle k\u00f6t\u00fc kokuyor ki adam. \u00d6yle k\u00f6t\u00fc kokuyor ki. Neyse bunun \u00e7antas\u0131 \u0131v\u0131r z\u0131v\u0131r\u0131n\u0131 yine bagaja koyduk. Amca dedim \u00f6ne oturma koltuk bozuk. Arkaya ge\u00e7. Camlar\u0131 mamlar\u0131 a\u00e7t\u0131m. Kendi kafam\u0131 biraz camdan \u00e7\u0131kard\u0131m. Bir de pandeminin son demleriydi. Arabada buldu\u011fum iki \u00fc\u00e7 kat maskeyi a\u011fz\u0131ma takt\u0131m. K\u00f6ye g\u00f6t\u00fcrmemi istedi kendisini. Savc\u0131 oldu\u011fu i\u00e7in adam\u0131 itiraz edemiyoruz. Adam\u0131 k\u00f6ye kadar g\u00f6t\u00fcrd\u00fcm. Yani b\u00f6yle 5 kilometrelik falan bir yol. Yoktur \u00f6yle. Evinle b\u0131rakt\u0131k. Ya var ya bizim arkada\u015f var Erkan. Biz onun zaman\u0131nda baz\u0131 i\u015fleri oluyordu ben askerden \u00f6nce i\u015fe ba\u015flamadan falan. \u015eehir d\u0131\u015f\u0131na falan giriyorduk. Bal\u0131k kesire falan. Orada bir tane deli bulmu\u015ftuk. ...deli\u011fi al\u0131p, i\u015fte... ...5 kilometre ileride k\u00f6y var, oraya gidece\u011fim demi\u015fti. Biz de b\u00f6yle... ...200 kilometre falan beraber gelmi\u015fti. Burada inmeyece\u011fim, burada inmeyece\u011fim. Biz otele varm\u0131\u015ft\u0131k, otele falan gelmek istemi\u015fti de... ...biz hani kabul etmeyince... ...yani... ...b\u00f6yle bir imkan\u0131m\u0131z yok. \u015eeye b\u0131rakt\u0131k. Garaja b\u0131rakm\u0131\u015ft\u0131k. Beni geri g\u00f6t\u00fcr\u00fcn. Ondan sonra o adam deliymi\u015f. Geziyormu\u015f g\u00fcney marmaray\u0131 b\u00f6yle. \u0130neg\u00f6l taraf\u0131nda bulmu\u015f arkada\u015f. Kokusundan tan\u0131d\u0131m diyor. Delilerin kendine ait kokusu oluyor ya. Yani hepsinde ayr\u0131 kokusu var b\u00fcy\u00fck ihtimalle bizim arkada\u015f tan\u0131\u011f\u0131na g\u00f6re. Bir de bizim Erkan biraz \u00e7\u0131lg\u0131nd\u0131r. B\u00f6yle i\u015fte so\u011fuk havada deniz yemenize girer. San\u0131r\u0131m \u015feydi... Nisan ay\u0131yd\u0131. Bir de o \u00c7anakkale taraflar\u0131, Bal\u0131kesir taraf\u0131 da so\u011fuk oluyor ya deniz. B\u00f6yle bir yerde yol yan\u0131nda durdururken ben denize girece\u011fim diyor. Tutturdu b\u00f6yle \u015fortunu, mortunu yiyor. Deli de diyor ki, b\u00f6yle denize girme bu havada. Deli derler insan\u0131. Sonra... Bu adam bize bal\u0131k kesirden devam ediyor. Biz nereden zannettik? Hat\u0131rlam\u0131yorum \u015fimdi. \u00c7anakkale'den bal\u0131k kesir mi? Bal\u0131k kesir mi? \u00c7anakkale'ye mi? Bir Bursa vard\u0131. Bursa'ya do\u011fru gidiyorduk. Neyse \u00f6yle bir \u015fey. Behram kaleye gidelim dedim ben. Behram kaleye gittik. Ben Behrem Kule'de, haber derseniz Diyare oldum. Varsaklar\u0131m bozuldu. Koca koca bir tane \u015fey buldum. Abi Diyare ne demek? \u0130shal. Halk aras\u0131yla. C\u00fcrc\u00fcr. \u0130shal aras\u0131nda \u0130shal. \u0130shal oldum ben. Tuvalete girdim b\u00f6yle 20 dakika yar\u0131m saat tuvalette vakit ge\u00e7irdim. Deli ile Erkan b\u00fct\u00fcn asosu gezmi\u015fler. Sevgili gibi \u00e7\u0131kt\u0131m. Bakt\u0131m bunlar\u0131 b\u00f6yle yan yana yava\u015f yava\u015f konu\u015fa konu\u015fa geliyorlar. Sonra bindik arabaya b\u0131rakt\u0131k. Yani bu deli konusunda Erkan daha tecr\u00fcbe. \u00c7\u00fcnk\u00fc o deliyi daha sonra da dengetirmi\u015f ilk kere. Erkan'\u0131 arad\u0131m. Dedim b\u00f6yle b\u00f6yle. Deli bindi benim arabaya. \u00c7ok k\u00f6t\u00fc kokuyor. Ne yapay\u0131m dedim. A\u00e7 camlar\u0131. D\u00f6rt cam\u0131 da. H\u0131zl\u0131 bir yolda git dedi. Oradan ana yola \u00e7\u0131kt\u0131m i\u015fte. 15-20 dakika araba kulland\u0131m. Sonra eve gittim. Manca kokusu \u00e7\u0131kt\u0131. Sonra adam hala daha i\u015faret yapam\u0131yorsa onu alm\u0131yorum art\u0131k. \u015eey de garip. Adam otostop \u00e7ald\u0131 m\u0131 diye sorduk. \u0130ki tane deli ald\u0131\u011f\u0131ndan ba\u015flad\u0131. Buradan bir genelleme yaparsak b\u00fct\u00fcn otostop bize deli olacak. Hi\u00e7... Akl\u0131 ba\u015f\u0131nda insan gibi denk gelmedi mi otostop? Geldi. \u015eeyde... Trakya'dan d\u00f6nerken... Ald\u0131m. Bir tane roman vatanda\u015f. Uzun k\u00f6pr\u00fcye gidecekti. Uzun k\u00f6pr\u00fc rock roman var. Bir yazd\u0131. \u0130\u015fte b\u00f6yle... 30 kilometre falan \u00f6nceden ald\u0131m ben onu. Muhabbet, sohbet gittik. O kadar hasretim ki insana. Adam muhabbeti o kadar tatl\u0131 geliyor ki b\u0131rakmak istemiyorum b\u00f6yle. \u0130\u015fte gidiyoruz, ya sen beni uzun k\u00f6pr\u00fcye giri\u015fte b\u0131rak diyor. Yok yok diyorum ben seni g\u00f6t\u00fcr\u00fcr\u00fcm abi \u015fehrin i\u00e7ine. \u015eehrin i\u00e7ine gidiyoruz. Ya diyor mahalle kadar gitmene gerek yok diyor. Ya g\u00f6t\u00fcr\u00fcr\u00fcm ne olacak ay\u0131p ediyorsun. D\u00fc\u011f\u00fcne gidiyormu\u015f adam. Ben de bekliyorum ki roman ya bunlar. Ben diyorum \u00e7a\u011f\u0131r roman d\u00fc\u011f\u00fcn\u00fc, orada bir \u015fey yapar\u0131m falan. De\u011fi\u015fik bir an\u0131 olur falan diye. adam\u0131n kap\u0131n\u0131n \u00f6n\u00fcne kadar b\u0131rakt\u0131m, adam tad\u0131 bile ka\u00e7t\u0131 b\u00f6yle. Ben asl\u0131nda o g\u00fcn bula bula kardan \u015fey yapm\u0131\u015ft\u0131m. Bu bula bula karlara bip koyar\u0131m herhalde ya. Bula bula kardan ilan a\u00e7m\u0131\u015ft\u0131m. \u0130\u015fte b\u00f6yle, gelen binsin diye. Kafamda hesap ediyordum i\u015fte. Bir ki\u015fiyi al\u0131r\u0131m, muhabbet\u00e7i olsun yeter. Ondan sonra i\u015fte... Ama iki arkada\u015f bilmek ister, o da olabilir. \u0130\u015fte k\u0131z erkek al\u0131r\u0131m i\u015fte. Bir k\u0131z bir erkek al\u0131r\u0131m. \u015eey olur. Hani iki erkek zaten al\u0131r\u0131m, bir erkek zaten al\u0131r\u0131m. \u0130ki k\u0131z da olabilir asl\u0131nda. Hani onunla o biraz dengeler \u015fey. Ama tek k\u0131z alamam \u015fimdi. Kar\u0131m k\u0131zar. O kadar yol... ...gitmek dizdize. \u0130ki k\u0131zla m\u0131 abi k\u0131zar? Yok, tek k\u0131zla. Yani kafamda \u00f6yle bir hesap yapt\u0131m. Tek k\u0131z\u0131 yan\u0131mda oturtup o kadar yol gidersem... ...ondan sonra... ...ba\u015f\u0131ma o geldi. Bir k\u0131z tam yolumun \u00fcst\u00fcndeki bir k\u00f6yden... ...yeri ay\u0131rt\u0131rm\u0131\u015f. Telefona bak\u0131yorum. K\u0131za bak\u0131yorum, yahu diyorum... Nas\u0131l hay\u0131rd\u0131r? Nas\u0131l olacak bu i\u015f? Ne yapaca\u011f\u0131m? Ne edece\u011fim? B\u00f6yle bir kalkka atmaya ba\u015flad\u0131. Sinirim bozuldu. Kar\u0131 soruyor. Ne oldu? Ne oldu? Ya dedim. B\u00f6yle b\u00f6yle yalan s\u00f6yl\u00fcyorsun. Ya dedim bak. B\u00f6yle d\u00fc\u015f\u00fcn\u00fcyor \u015fimdi. Ya \u015fimdi ne bileyim? \u00d6\u011frenci midir? Diyor. \u00d6\u011frencidir herhalde. Allah Allah. O da vicdan\u0131 \u015fey yap\u0131yor bir taraftan. Ya diyor. Ben senin k\u0131za as\u0131laca\u011f\u0131n\u0131 d\u00fc\u015f\u00fcnm\u00fcyorum. K\u0131z\u0131n da sana as\u0131laca\u011f\u0131n\u0131 d\u00fc\u015f\u00fcnm\u00fcyor. Ama sen o yolda \u00f6yle bir iyilik mele\u011fine d\u00f6n\u00fc\u015feceksin ki, diyor. B\u00fct\u00fcn yol boyunca. Parada almazs\u0131n, \u00f6dersin de evine b\u0131rak\u0131rs\u0131n, b\u00fct\u00fcn b\u00f6yle \u015feyini g\u00f6sterirsin, bilmem ne yapars\u0131n. O hareketlerim beni sinir edecek, diyor. Birli\u011fin fazla iyili\u011fi. Arabada gidiyoruz b\u00f6yle, han\u0131mla. Yan yana oturuyoruz. D\u00fc\u015f\u00fcnsene b\u00f6yle diz y\u00fcze gideceksin diye gece yar\u0131s\u0131 o kadar yolda. Ben de vitesle\u015fecekken masum han\u0131m\u0131n baca\u011f\u0131n\u0131 s\u00fcrtt\u00fcr\u00fcyor. B\u00f6yle olacakt\u0131. Sonra ne yapt\u0131m sizce? Ald\u0131n. Hay\u0131r. Yolculay\u0131p tuvalet ettim. Bir de hakikaten gitmedim yalanc\u0131l\u0131k olmas\u0131n diye. Bir g\u00fcn daha kald\u0131m. Tam yine gelen polmas\u0131n diye gitmemi\u015f hi\u00e7. S\u00fcper ya. Ama seviyorum ya. Al\u0131r\u0131m yani hi\u00e7 korkmam. Hele \u015fehir i\u00e7inde falan var ya. Bir kere hava kararm\u0131\u015f. Bursa Termini'nin arkas\u0131nda, arka k\u00f6y yollar\u0131ndan o zamanlar... Daha Termini'ye yak\u0131n oturuyorum, Yunuseli'ye bir 10 dakikal\u0131k yollar. Oraya gidece\u011fim. Bir adam o sop \u00e7ekiyor. Ama nas\u0131l izbantut. \u00dcst dubas\u0131 kirli b\u00f6yle ama... Ben \u015fey anl\u0131yorum, bu adam i\u015f\u00e7i hani b\u00f6yle... Ya\u011f falan var \u00fczerinde, araba tamirisi falan ya \u00f6yle bir \u015fey. Ya da fabrikada \u00e7al\u0131\u015f\u0131yor. Korkun\u00e7! Adam\u0131n y\u00fcz\u00fc falan. Bir de kendim de \u015feye giriyorum. Diyor ki ben bu adam\u0131 alay\u0131m yani. Ben korkak biri de\u011filim. Bu adam bir \u015fey yapamaz falan bana diyorum. Bir de ben d\u00fcstur olarak arabada hi\u00e7bir kimseye zarar verici alet bulundurmuyorum. Uzun s\u00fcredir zarar vermeyeyim insan\u0131 diye. Ald\u0131m onu. Adam diyor ki ya o ka\u00e7 saattir buraday\u0131m. Ne kadar zamandan beri bekliyorum. Kimse alm\u0131yor arkada\u015flar. Nas\u0131l i\u015fliyor? Abi, yanl\u0131\u015f anlamad\u0131m. \u0130nsanlar korkuyorlar bizim yeri yar\u0131s\u0131n\u0131. O y\u00fczdendir dedim yani. Ben dedim korkmuyorum. \u015eahsen ald\u0131m seni adama da korkusuzlu\u011fumu ifade edip bana bir \u015fey yapmaya kalkarsa, o adam korkusuz, ben buna bir \u015fey yapmayay\u0131m desin diye. \u015eehir i\u00e7i \u00e7ok al\u0131yorum. Her nedeni al\u0131r\u0131m. Tan\u0131d\u0131\u011f\u0131m bildi\u011fim, kokusunu bildi\u011fim bir deli de\u011filse al\u0131r\u0131m. B\u00f6yle yeterli cevap oldu mu? Evet. Biraz k\u0131sa oldu ama. Yok yok g\u00fczel oldu. Ka\u00e7 dakikam\u0131z oldu acaba? 33. Ne dersiniz? 33 g\u00fczel bir say\u0131 bence. Bence de. \u0130nsan\u0131n dudaklar\u0131 b\u00f6yle b\u00fcz\u00fcl\u00fcyor s\u00f6ylerken. Benim bir iki an\u0131m daha var da yeniden anlatamayaca\u011f\u0131m an\u0131lar. Program bitince anlat\u0131r\u0131z. Tamam kapatal\u0131m bunu. Uzun bas\u0131yorum. Dur. Veda ederim ya. Evet insanl\u0131k. Bu program 4 ki\u015filik. Berker, ...kay\u0131t masas\u0131na \u015f\u0131k \u015f\u0131k \u015f\u0131k \u015f\u0131k yapma o\u011flum, bas bir \u015feylere. \u015e\u00f6yle bir \u015fey vard\u0131. An\u0131 konu\u011fumuz Ahmet \u0130nsan Ongun. Ve... ...M\u00fcl\u00fcfer Belediyesi'nde de\u011ferli... ...Dijital St\u00fcdyo'nun... \u015eefi Ali Cenk Alg\u00fcn bizlerleydi. Ho\u015f\u00e7a kal\u0131n. O\u011flum bu ne? \u00c7eko gibi o ba\u011f\u0131m kere bast\u0131n. Ben ad\u0131n\u0131 s\u00f6yleyece\u011fim. Basyan alk\u0131\u015flayacak. Kapatacaks\u0131n. Ben ad\u0131n\u0131 s\u00f6yleyece\u011fim. Basyan... Ya kapat senden. Hi\u00e7bir \u015fey olmad\u0131. Bak nere bas\u0131yor ya? Hadi ho\u015f\u00e7a kal\u0131n insanl\u0131k."
    },
    "podcast_summary": "In this podcast, Cahil Ke\u00e7isel and his guests discuss their experiences with hitchhiking. They share stories of the interesting people they've met and the adventures they've had while hitchhiking across different cities and countries. They discuss the freedom and excitement that comes with hitchhiking, as well as the safety measures they take. They also touch on the importance of trust and connection between hitchhikers and drivers. Despite encountering a few unsettling situations, they emphasize that hitchhiking can be a rewarding and memorable experience.",
    "podcast_guest": {
        "name": "Ahmet \u0130hsan Ongun",
        "job": "otostop\u00e7u",
        "wiki_title": "",
        "wiki_summary": "",
        "wiki_url": "",
        "wiki_img": "",
        "google_URL": "https://www.ivoox.com/otostopcu-audios-mp3_rf_114072072_1.html"
    },
    "podcast_highlights": "- \"Otostop \u00e7ekerken en \u00e7ok sevdi\u011fim \u015fey, farkl\u0131 insanlarla tan\u0131\u015fmak ve onlar\u0131n hikayelerini dinlemek oldu.\"\n- \"Otostop yaparken her zaman a\u00e7\u0131k olmak ve farkl\u0131 deneyimlere cesaret etmek \u00f6nemlidir.\"\n- \"Otostop \u00e7ekerken, bazen beklenmedik yard\u0131mlar ve misafirperverlikle kar\u015f\u0131la\u015fabilirsiniz.\"\n- \"Otostop yaparken g\u00fcvenlik \u00f6nlemlerini dikkate almak ve kendi s\u0131n\u0131rlar\u0131n\u0131z\u0131 belirlemek \u00f6nemlidir.\"\n- \"Otostop yaparken ya\u015f, cinsiyet veya g\u00f6r\u00fcn\u00fcm gibi fakt\u00f6rlere \u00f6nem vermeden herkesi kendine g\u00f6re de\u011ferlendirmek \u00f6nemlidir.\""
}